{
	"credit": "Made by sniffercraft34",
	"textures": {
		"particle": "#glass",
		"glass": "block/glass"
	},
	"elements": [
		{
			"from": [1, 1, 0],
			"to": [15, 15, 1],
			"rotation": {"angle": 0, "axis": "y", "origin": [1, 1, -13]},
			"faces": {
				"north": {"uv": [1.125, 1.1875, 14.875, 14.9375], "texture": "#glass", "cullface": "north"}
			}
		},
		{
			"from": [1, 1, 15],
			"to": [15, 15, 16],
			"rotation": {"angle": 0, "axis": "y", "origin": [15, 1, 29]},
			"faces": {
				"south": {"uv": [1.125, 1.1875, 14.875, 14.9375], "texture": "#glass", "cullface": "south"}
			}
		},
		{
			"from": [0, 1, 1],
			"to": [1, 15, 15],
			"rotation": {"angle": 0, "axis": "y", "origin": [-13, 1, 15]},
			"faces": {
				"west": {"uv": [1.125, 1.1875, 14.875, 14.9375], "texture": "#glass", "cullface": "west"}
			}
		},
		{
			"from": [1, 15, 1],
			"to": [15, 16, 15],
			"rotation": {"angle": 0, "axis": "y", "origin": [1, 29, 15]},
			"faces": {
				"up": {"uv": [1.125, 1.1875, 14.875, 14.9375], "rotation": 90, "texture": "#glass", "cullface": "up"}
			}
		},
		{
			"from": [1, 0, 1],
			"to": [15, 1, 15],
			"rotation": {"angle": 0, "axis": "y", "origin": [15, -13, 15]},
			"faces": {
				"down": {"uv": [1.125, 1.1875, 14.875, 14.9375], "rotation": 270, "texture": "#glass", "cullface": "down"}
			}
		},
		{
			"from": [15, 1, 1],
			"to": [16, 15, 15],
			"rotation": {"angle": 0, "axis": "y", "origin": [29, 1, 1]},
			"faces": {
				"east": {"uv": [1.125, 1.1875, 14.875, 14.9375], "texture": "#glass", "cullface": "east"}
			}
		},
		{
			"from": [0, 1, 0],
			"to": [1, 15, 1],
			"rotation": {"angle": 0, "axis": "y", "origin": [0, 1, 0]},
			"faces": {
				"north": {"uv": [14.0625, 1.1, 14.8125, 14.875], "texture": "#glass", "cullface": "north"},
				"west": {"uv": [1.125, 1.25, 1.8125, 14.8125], "texture": "#glass", "cullface": "west"}
			}
		},
		{
			"from": [0, 0, 1],
			"to": [1, 1, 15],
			"rotation": {"angle": 0, "axis": "y", "origin": [0, 1, 1]},
			"faces": {
				"west": {"uv": [1.125, 14.25, 14.8125, 14.8125], "texture": "#glass", "cullface": "west"},
				"down": {"uv": [14.0625, 1.1, 14.8125, 14.875], "texture": "#glass", "cullface": "down"}
			}
		},
		{
			"from": [0, 15, 1],
			"to": [1, 16, 15],
			"rotation": {"angle": 0, "axis": "y", "origin": [0, 16, 1]},
			"faces": {
				"west": {"uv": [1.125, 1.25, 14.8125, 1.8125], "texture": "#glass", "cullface": "west"},
				"up": {"uv": [14.0625, 1.1, 14.8125, 14.875], "rotation": 180, "texture": "#glass", "cullface": "up"}
			}
		},
		{
			"from": [15, 0, 1],
			"to": [16, 1, 15],
			"rotation": {"angle": 0, "axis": "y", "origin": [15, 1, 1]},
			"faces": {
				"east": {"uv": [1.0625, 14.1, 14.8125, 14.875], "texture": "#glass", "cullface": "east"},
				"down": {"uv": [14.0625, 1.1, 14.8125, 14.875], "texture": "#glass", "cullface": "down"}
			}
		},
		{
			"from": [15, 15, 1],
			"to": [16, 16, 15],
			"rotation": {"angle": 0, "axis": "y", "origin": [15, 16, 1]},
			"faces": {
				"east": {"uv": [1.0625, 1.1, 14.8125, 1.875], "texture": "#glass", "cullface": "east"},
				"up": {"uv": [14.0625, 1.1, 14.8125, 14.875], "rotation": 180, "texture": "#glass", "cullface": "up"}
			}
		},
		{
			"from": [1, 0, 0],
			"to": [15, 1, 1],
			"rotation": {"angle": 0, "axis": "y", "origin": [15, 1, 0]},
			"faces": {
				"north": {"uv": [1.125, 14.25, 14.8125, 14.8125], "texture": "#glass", "cullface": "north"},
				"down": {"uv": [1.25, 1.1875, 14.6875, 2], "texture": "#glass", "cullface": "down"}
			}
		},
		{
			"from": [1, 0, 15],
			"to": [15, 1, 16],
			"rotation": {"angle": 0, "axis": "y", "origin": [15, 1, 15]},
			"faces": {
				"south": {"uv": [1.0625, 14.1, 14.8125, 14.875], "texture": "#glass", "cullface": "south"},
				"down": {"uv": [14.0625, 1.1, 14.8125, 14.875], "rotation": 270, "texture": "#glass", "cullface": "down"}
			}
		},
		{
			"from": [1, 15, 15],
			"to": [15, 16, 16],
			"rotation": {"angle": 0, "axis": "y", "origin": [15, 16, 15]},
			"faces": {
				"south": {"uv": [1.0625, 1.1, 14.8125, 1.875], "texture": "#glass", "cullface": "south"},
				"up": {"uv": [14.0625, 1.1, 14.8125, 14.875], "rotation": 270, "texture": "#glass", "cullface": "up"}
			}
		},
		{
			"from": [1, 15, 0],
			"to": [15, 16, 1],
			"rotation": {"angle": 0, "axis": "y", "origin": [15, 16, 0]},
			"faces": {
				"north": {"uv": [1.125, 1, 14.8125, 1.875], "texture": "#glass", "cullface": "north"},
				"up": {"uv": [1.1875, 1.225, 14.5625, 1.875], "texture": "#glass", "cullface": "up"}
			}
		},
		{
			"from": [15, 1, 0],
			"to": [16, 15, 1],
			"rotation": {"angle": 0, "axis": "y", "origin": [15, 1, 0]},
			"faces": {
				"north": {"uv": [1.0625, 1.1, 1.8125, 14.875], "texture": "#glass", "cullface": "north"},
				"east": {"uv": [14.0625, 1.1, 14.8125, 14.875], "texture": "#glass", "cullface": "east"}
			}
		},
		{
			"from": [0, 1, 15],
			"to": [1, 15, 16],
			"rotation": {"angle": 0, "axis": "y", "origin": [0, 1, 15]},
			"faces": {
				"south": {"uv": [1.0625, 1.1, 1.8125, 14.875], "texture": "#glass", "cullface": "south"},
				"west": {"uv": [14.125, 1.25, 14.8125, 14.8125], "texture": "#glass", "cullface": "west"}
			}
		},
		{
			"from": [15, 1, 15],
			"to": [16, 15, 16],
			"rotation": {"angle": 0, "axis": "y", "origin": [15, 1, 15]},
			"faces": {
				"east": {"uv": [1.0625, 1.1, 1.8125, 14.875], "texture": "#glass", "cullface": "east"},
				"south": {"uv": [14.0625, 1.1, 14.8125, 14.875], "texture": "#glass", "cullface": "south"}
			}
		},
		{
			"from": [0, 0, 0],
			"to": [1, 1, 1],
			"faces": {
				"north": {"uv": [14.1, 14.1, 14.875, 14.8125], "texture": "#glass", "cullface": "north"},
				"west": {"uv": [1.1, 14.1, 1.875, 14.8125], "texture": "#glass", "cullface": "west"},
				"down": {"uv": [14.1, 1.1, 14.875, 1.8125], "texture": "#glass", "cullface": "down"}
			}
		},
		{
			"from": [15, 0, 0],
			"to": [16, 1, 1],
			"rotation": {"angle": 0, "axis": "y", "origin": [15, 0, 0]},
			"faces": {
				"north": {"uv": [1.1, 14.1, 1.875, 14.8125], "texture": "#glass", "cullface": "north"},
				"east": {"uv": [1.1, 14.1, 1.875, 14.8125], "texture": "#glass", "cullface": "east"},
				"down": {"uv": [1.1, 1.1, 1.875, 1.8125], "texture": "#glass", "cullface": "down"}
			}
		},
		{
			"from": [15, 15, 0],
			"to": [16, 16, 1],
			"rotation": {"angle": 0, "axis": "y", "origin": [15, 15, 0]},
			"faces": {
				"north": {"uv": [1.1, 1.1, 1.875, 1.8125], "texture": "#glass", "cullface": "north"},
				"east": {"uv": [14.1, 1.1, 14.875, 1.8125], "texture": "#glass", "cullface": "east"},
				"up": {"uv": [14.1, 1.1, 14.875, 1.8125], "texture": "#glass", "cullface": "up"}
			}
		},
		{
			"from": [0, 15, 15],
			"to": [1, 16, 16],
			"rotation": {"angle": 0, "axis": "y", "origin": [0, 15, 15]},
			"faces": {
				"south": {"uv": [1.1, 1.1, 1.875, 1.8125], "texture": "#glass", "cullface": "south"},
				"west": {"uv": [14.1, 1.1, 14.875, 1.8125], "texture": "#glass", "cullface": "west"},
				"up": {"uv": [1.1, 14.1, 1.875, 14.8125], "texture": "#glass", "cullface": "up"}
			}
		},
		{
			"from": [0, 15, 0],
			"to": [1, 16, 1],
			"rotation": {"angle": 0, "axis": "y", "origin": [0, 15, 0]},
			"faces": {
				"north": {"uv": [14.1, 1.1, 14.875, 1.8125], "texture": "#glass", "cullface": "north"},
				"west": {"uv": [1.1, 1.1, 1.875, 1.8125], "texture": "#glass", "cullface": "west"},
				"up": {"uv": [1.1, 1.1, 1.875, 1.8125], "texture": "#glass", "cullface": "up"}
			}
		},
		{
			"from": [15, 15, 15],
			"to": [16, 16, 16],
			"rotation": {"angle": 0, "axis": "y", "origin": [15, 15, 15]},
			"faces": {
				"east": {"uv": [1.1, 1.1, 1.875, 1.8125], "texture": "#glass", "cullface": "east"},
				"south": {"uv": [14.1, 1.1, 14.875, 1.8125], "texture": "#glass", "cullface": "south"},
				"up": {"uv": [14.1, 14.1, 14.875, 14.8125], "texture": "#glass", "cullface": "up"}
			}
		},
		{
			"from": [15, 0, 15],
			"to": [16, 1, 16],
			"rotation": {"angle": 0, "axis": "y", "origin": [15, 0, 15]},
			"faces": {
				"east": {"uv": [1.1, 14.1, 1.875, 14.8125], "texture": "#glass", "cullface": "east"},
				"south": {"uv": [14.1, 14.1, 14.875, 14.8125], "texture": "#glass", "cullface": "south"},
				"down": {"uv": [1.1, 14.1, 1.875, 14.8125], "texture": "#glass", "cullface": "down"}
			}
		},
		{
			"from": [0, 0, 15],
			"to": [1, 1, 16],
			"rotation": {"angle": 0, "axis": "y", "origin": [0, 0, 15]},
			"faces": {
				"south": {"uv": [1.1, 14.1, 1.875, 14.8125], "texture": "#glass", "cullface": "south"},
				"west": {"uv": [14.1, 14.1, 14.875, 14.8125], "texture": "#glass", "cullface": "west"},
				"down": {"uv": [14.1, 14.1, 14.875, 14.8125], "texture": "#glass", "cullface": "down"}
			}
		},
		{
			"from": [-0.001, -0.001, -0.001],
			"to": [1.001, 16.001, 16.001],
			"faces": {
				"north": {"uv": [15, 0, 16, 16], "texture": "#glass", "cullface": "west"},
				"south": {"uv": [0, 0, 1, 16], "texture": "#glass", "cullface": "west"},
				"up": {"uv": [0, 0, 1, 16], "texture": "#glass", "cullface": "west"},
				"down": {"uv": [15, 0, 16, 16], "texture": "#glass", "cullface": "west"}
			}
		},
		{
			"from": [14.999, -0.001, -0.001],
			"to": [16.001, 16.001, 16.001],
			"rotation": {"angle": 0, "axis": "y", "origin": [16, 0, 16]},
			"faces": {
				"north": {"uv": [0, 0, 1, 16], "texture": "#glass", "cullface": "east"},
				"south": {"uv": [15, 0, 16, 16], "texture": "#glass", "cullface": "east"},
				"up": {"uv": [15, 0, 16, 16], "rotation": 180, "texture": "#glass", "cullface": "east"},
				"down": {"uv": [0, 0, 1, 16], "rotation": 180, "texture": "#glass", "cullface": "east"}
			}
		},
		{
			"from": [-0.002, -0.002, -0.002],
			"to": [16.002, 16.002, 1.002],
			"rotation": {"angle": 0, "axis": "y", "origin": [16, 0, 0]},
			"faces": {
				"east": {"uv": [15, 0, 16, 16], "texture": "#glass", "cullface": "north"},
				"west": {"uv": [0, 0, 1, 16], "texture": "#glass", "cullface": "north"},
				"up": {"uv": [0, 0, 16, 1], "texture": "#glass", "cullface": "north"},
				"down": {"uv": [0, 0, 16, 1], "texture": "#glass", "cullface": "north"}
			}
		},
		{
			"from": [-0.002, -0.002, 14.998],
			"to": [16.002, 16.002, 16.002],
			"rotation": {"angle": 0, "axis": "y", "origin": [0, 0, 16]},
			"faces": {
				"east": {"uv": [0, 0, 1, 16], "texture": "#glass", "cullface": "south"},
				"west": {"uv": [15, 0, 16, 16], "texture": "#glass", "cullface": "south"},
				"up": {"uv": [0, 15, 16, 16], "texture": "#glass", "cullface": "south"},
				"down": {"uv": [0, 15, 16, 16], "texture": "#glass", "cullface": "south"}
			}
		},
		{
			"from": [-0.002, -0.002, -0.002],
			"to": [16.004, 1.004, 16.004],
			"rotation": {"angle": 0, "axis": "x", "origin": [0, 1, 16]},
			"faces": {
				"north": {"uv": [0, 15, 15, 16], "texture": "#glass", "cullface": "down"},
				"east": {"uv": [0, 15, 16, 16], "texture": "#glass", "cullface": "down"},
				"south": {"uv": [0, 15, 16, 16], "texture": "#glass", "cullface": "down"},
				"west": {"uv": [0, 15, 16, 16], "texture": "#glass", "cullface": "down"}
			}
		},
		{
			"from": [-0.002, 14.998, -0.002],
			"to": [16.004, 16.004, 16.004],
			"rotation": {"angle": 0, "axis": "x", "origin": [0, 15, 0]},
			"faces": {
				"north": {"uv": [0, 0, 16, 1], "texture": "#glass", "cullface": "up"},
				"east": {"uv": [0, 0, 16, 1], "texture": "#glass", "cullface": "up"},
				"south": {"uv": [0, 0, 16, 1], "texture": "#glass", "cullface": "up"},
				"west": {"uv": [0, 0, 16, 1], "texture": "#glass", "cullface": "up"}
			}
		}
	],
	"display": {
		"thirdperson_righthand": {
			"rotation": [75, 45, 0],
			"translation": [0, 2.5, 0],
			"scale": [0.375, 0.375, 0.375]
		},
		"thirdperson_lefthand": {
			"rotation": [75, 45, 0],
			"translation": [0, 2.5, 0],
			"scale": [0.375, 0.375, 0.375]
		},
		"firstperson_righthand": {
			"rotation": [0, 45, 0],
			"scale": [0.4, 0.4, 0.4]
		},
		"firstperson_lefthand": {
			"rotation": [0, 225, 0],
			"scale": [0.4, 0.4, 0.4]
		},
		"ground": {
			"translation": [0, 3, 0],
			"scale": [0.25, 0.25, 0.25]
		},
		"gui": {
			"rotation": [30, 225, 0],
			"scale": [0.625, 0.625, 0.625]
		},
		"fixed": {
			"scale": [0.5, 0.5, 0.5]
		}
	}
}